season,episode,m3u8_url
1,01,"https://vod3.cf.dmcdn.net/sec2(WCwXzjpIEvEhDk6fl4RjAr1hxFD_4iSoG49GmKWo_EPH-koJscUsonpn9rex60hQPSkbTxTBfQYHd1dLj72JL_2cuxYKc75rUSSgg5ZykXd4guRdur9mPWjtZEXNScYloEykDzE7f3fzO24-4pXrMFwSKk6zowa7mabFew2Anj2H7ySZEpBk48uYkcJG6ftU)/video/417/964/231469714_mp4_h264_aac_hd_6.m3u8"
1,02,"https://vod3.cf.dmcdn.net/sec2(GgLYRk5LpBGmPY0V-CaQeoFWa9XMyR3IFnV4XdaO2KalDdOvtJcGOPgF6XQ6dRL_Sxi3vSmEvilMJ0AK2mqa1mUkeg1wRdfGsqNAK563_6tfcOsqM1-jXECmtCPEUzLfSUQVyGiwsNnY7KUXR1uOexM6171S3jPjhWUkRuy22iqQyp-89U3M5d2PMGGZMJx-)/video/424/174/231471424_mp4_h264_aac_hd_6.m3u8"
1,03,"https://vod3.cf.dmcdn.net/sec2(pMpZ-dhnWxySD3OZnUvji89TKRwjnLP2K-ddo8ALV2W4LD_bB-HEDANqlV285xZzZHaRWc-mYTxLB_cznkA-iuoRmTfYVeAGZVV2Uj9ho-MT9H_0RZAPSE-0btaL4kRYbjoZ4-LPwKTxqMDeybe90XEae0PHD02DHh5P6V3JlkM7b1Xc-oKpqrggHS9RdM_F)/video/877/964/231469778_mp4_h264_aac_hd_6.m3u8"
1,04,"https://vod3.cf.dmcdn.net/sec2(Z5al_XSoYbpRFNvpeviszWHV50ifRSQJYn10RvlJCA071YqVHPaACvO9i19GB-n4c3OIXzvFJePSQ0pWBDHD53ShkEeBEq7XQk-ow3UhwAO3Jx65fMuYv_nbFc2tiTtliVVBsDbfeM-wP5zA0BIOBMTUlib13itIHeUe3HZvx3TD1lbzAuShbRFivSHWKboW)/video/727/964/231469727_mp4_h264_aac_hd_6.m3u8"
1,05,"https://vod3.cf.dmcdn.net/sec2(Tct1N61p6Jy_PeRzoY7X4x8bhUiQ8u2ksVcei8xEeHDBQbCJNKIcQ6opWDg4-68gSLcGyl3FnZ5nE3jEA-AMeQsHHbFtiJRcysll8V939bNDrU-wFhcsye5er-tQbzsqmfoQpdVqlJuTGy8SiUUNj4GB9f6JuVZBAgfJxssjUQ7BzuQtf9lV1bxonOD5zVBs)/video/105/964/231469501_mp4_h264_aac_hd_6.m3u8"
1,06,"https://vod3.cf.dmcdn.net/sec2(7eqwbrdBc1DFn-XgQajwrCwWRTx5VFusrkNu69tLlsjh29PVwd137z9mZ6ygo7GAqFNDlfxMJHSG1qnB7ddy7prjeevLjmQszF-b4LH_A_MrSIJdlg_PHNN9azq0znHohYGZkow3ncxHCsyFEw_Zw4Mbbl4SxFtPg-RK8i3nbFAazGpNnyQepLrNag4tLTJe)/video/836/964/231469638_mp4_h264_aac_hd_6.m3u8"
1,07,"https://vod3.cf.dmcdn.net/sec2(eFyTEDDkOUmXqz4hnZXn1WuOB_HPA4XwPUbLyL02xcf9l6F8vxw7ULgtnNOWCGV7z0iWfJVqAzbkSAJ3EeYyC2H8Sg0DRMFp2nGDJ4Riu2ldzS6_iI5kL6W61xtGfTnSooG2RCmnZBbIeYGK-jz_rDhNSrTYQe0T79vypVb2xRO9or1IZlBP8EDkZMeGxkXu)/video/833/964/231469338_mp4_h264_aac_hd_7.m3u8"
1,08,"https://vod3.cf.dmcdn.net/sec2(PR6f3otRPHPgom0H85vkklkm84yt5Uueslte4mG7Q-P88MVPJGouQwsGvMfZkH7Y6UYID6Gm0IqGKxiQQlbvVPtKo6WRkBW69QoFr1p2vyV7zNgm9MJSuQFEoJ93_ssOhlKtHCmAgubArwSz1JmQzkeHPHLtNo4KOunkCetmoihpp-rffsxqIBTId0sBmDEN)/video/969/194/231491969_mp4_h264_aac_hd_6.m3u8"
1,09,"https://vod3.cf.dmcdn.net/sec2(hURLsT8Act-b8Xlbny7U1NnZxM6ZvZFNcjeQHTU0x2AoHOMwpziU7zM58lR88Eu40AMcFScpzsuS0CnmFzoXd3EpEw2_Z3P9e2EIb9n3Sjr3n1AaXEEweLjvoNnV7QKYjL8TBC5P48p-S4067U1Tg7haiO7y802eUxoASnz8wAOl3dPiGdl9BCIrq7-1gcpm)/video/791/964/231469197_mp4_h264_aac_hd_6.m3u8"
1,10,"https://vod3.cf.dmcdn.net/sec2(GjVIVb1HE4Y5ridv6LELInp2ZIRTxA0-Tzfb2oBzN4KzVtsP6pVVAZ8BQrkqt4iXnt75mQ1wONLOEalvhOqAm2idUlUwoFg8jBTDgnbrrgVQhxoRVUldDGgekH0LldM5R9TGlhgUjrVUNKPSOhGUjeDG4Nt_qbuLhOEeAvsvxigDcP7Xg3uS7CDvNgKIqxCr)/video/568/964/231469865_mp4_h264_aac_hd_6.m3u8"
1,11,"https://vod3.cf.dmcdn.net/sec2(VGiQmH4quGbQY6i-jGVmdqCNRx33CbizEp7Rplww8h0SS3krNk5DQUWn75GAS_mPUJlXCFwdZzPNUGxlQ0smgjezK-oQQdsYH08LgmeGx39kBfl2o_ClRqRzvAgcmSc_yDQt8h5HBUfDqbMN8kZOGGZSQs-tQ2xk2-nOM4s5mpcs6QQdD0SEwBg4-HSwzxqG)/video/456/864/231468654_mp4_h264_aac_hd_6.m3u8"
1,12,"https://vod3.cf.dmcdn.net/sec2(o724k6_8UmFx1QRn1QA8iRWJTH6WhiP3k-kjLZP36piXTz7kv4BaBjGWulj24ZqhOm7xshtJsp7XgjAMYUzq9KtLCAuLPrpJ_OWPHopAjONj8JpNLyL2vIaiiigd7ck6-3F9t4oXWHyy5AWgtYU3_lTNbca08JzK52kvVBCKgWgzYJ_chEt-ONSNUi-2WhJL)/video/192/964/231469291_mp4_h264_aac_hd_1.m3u8"
1,13,"https://vod3.cf.dmcdn.net/sec2(IcJJwnf9Sa22eGdbie9hq7dz8bukwSys3e0n5RIyDSrf8pHB1HSSYHn4GApTyf9hTnK99-OsGS4VpB7czPUVaip2wmJXqPiZF_nGMkjSgV_YeniTrm4EsBY0NnVHo1eyFZvEA6m7S1nrC371eKRyDKxYyv9m50i8VeS1SMnfjKkhju-dOJUBcBEki9k-sRRF)/video/346/074/231470643_mp4_h264_aac_hd_6.m3u8"
1,14,"https://vod3.cf.dmcdn.net/sec2(0gMCsa6RgCMFojEadcqNqizH516mq9SrIfWjO6lGL-CBkZHVqeiCom_FwcJZQ_3qw0pOqAIpKkAAIkiLCLfEsA6osRiIH421fuWGl5Nw17pdUwi8v9TllK5VKRUOTzv3LLXZKb-4vQuHXN_NJeUDH6braOzWSQm8Tp4HUtjCEwpX2zbLpRLVlBm2zSfVF_xL)/video/712/074/231470217_mp4_h264_aac_hd_6.m3u8"
1,15,"https://vod3.cf.dmcdn.net/sec2(0Xmpqi87Mlcr0XqkPKDrt-s2GPZ7omgKXoR32gw9gkBFJR9781WkFWFwF1UT4MgcVpWWQ_z_jjllFnYsY6BSciEfiWcnYs_NcLrIg5BET3f_rOgTTGn6Pg2ngZ11UkTRCNwb4hYv2HH6HjkD_z6JWme3B3VxE3lpyCOxZv1OGMmCn7pUvmsmGePaNB8wIHDD)/video/428/864/231468824_mp4_h264_aac_hd_6.m3u8"
1,16,"https://vod3.cf.dmcdn.net/sec2(u_5by--8ZtfKTYwmHEMLHa4bBwZwguPUnGMjeeeCm_LT7SMY7iU_Bur2vff0fusnCPWSKATaGdj9D7GDqIMeGND1YR-9zRN-E2WbEa7ZnxxEwWgDUX8-6PenoGEOyTrCMqZBuENwr3ar0mmefrxNrubVVAJhBNMmrYRFMkljJQQblYSZ6fNvoAAnIWqvtr11)/video/023/964/231469320_mp4_h264_aac_hd_6.m3u8"
1,17,"https://vod3.cf.dmcdn.net/sec2(tQ9mt0tKUqW-ATF_-JmqkqKzmI7NAk5o3Xx3mt9tD3TzUPIebz9yj_y9UQcfJy3EJIfowAuDDnCTxAYmvrfeKKDAnu06PzqQxbImE98C3GV09Kah6zErjXEwW1yMpQUgXK8Nt5KMoW7AW1mK-newp_wfgzvHiMv45M9p8rkpTzvdeyc96FvlNrQWASnQqcAr)/video/884/074/231470488_mp4_h264_aac_hd_6.m3u8"
1,18,"https://vod3.cf.dmcdn.net/sec2(pUwUix4QIK9l-0CbqDH73zux4wjpmColI-OGRSnmRA7wXz9Y_BhtIYLBwDeTvNgcVAJy3-mXV43HY7AWUnEQmyUvgGAmo7kD-3kbuwShX0uRdcJCX2ELJcuP-RCe_y29397WakBZb0CZ9ZTlyRvo4bAl8Gff6GFMC0P2k7wbD9OlH10qOHIgMz53VhJRGIuf)/video/579/074/231470975_mp4_h264_aac_hd_6.m3u8"
1,19,"https://vod3.cf.dmcdn.net/sec2(BxWafZs5AFNS8lvkImy_Izd-u6AGSDXLZrV5QBoML8WiaQYwVtfZ5SuHC2ZQIzbwj62rTWgSm6YN2XFkoR2enONMc-Q9uq43tVBfmvpMAo7CD5GwQBCWAe5IhGwJ_CtITDvAsG9kxedpa0QvuCaTftyhC1cepKYvSQhtGMD9xW_Y-gSWelWQqNAVPt5zyOXj)/video/180/964/231469081_mp4_h264_aac_hd_6.m3u8"
1,20,"https://vod3.cf.dmcdn.net/sec2(wkYPEwcZ1rujoO9_F51JHhdniYyINNKyLATD2ZV6hBsSj0wZAxvP1ihVbiRtKMi_ThORfTDG1CGcX3rnpCl5FneUjUpooU7cpjnmCwW43S5vNweZT_hmGXFlSeHcIzCZ4N8xuE1NXJDC3AS3cTtkUfr40h1waxEkxk_41zcH1l1VrO2TTD-hcAqTG0YymiWo)/video/420/884/231488024_mp4_h264_aac_hd_6.m3u8"
1,21,"https://vod3.cf.dmcdn.net/sec2(HwFDPYAEPomoZMjdSBdx8-Cvz5CE0dVpx1HTYIydF45Z_Y4SF_j-DJIIyf_T8TEjH4e_4_3NzAkAPU4O2LV6fw3ATWxHS1S-gC-xeWTNtWVqIx7ENKRYfeGsjNIFO3vYHQb87IYWtOkT4AGlHfO4pBx3O43Wb24tO1AJ0Gx4Kk1sRJHG6ycCN8lY3SXbOa_1)/video/231/964/231469132_mp4_h264_aac_hd_6.m3u8"
1,22,"https://vod3.cf.dmcdn.net/sec2(6tDmfH_7Buev-WGbT2k_ByWxEoeGbdz4vZReYxWiPra3CYVT837r1tKKwqF30hce7yg5DCrr1FVXFSJDdFu0938hjNRxYYXnD_yDwjHgKNcV7Aa4zYPBCiFAxlPblqp20D_cVhtw16wXewIcnWDq3c1UZNVA1r9_ozitwZRRpMVrOa4R1gSM2lXY2Kyn_Crl)/video/483/964/231469384_mp4_h264_aac_hd_6.m3u8"
1,23,"https://vod3.cf.dmcdn.net/sec2(SfPzIJetFtWSIvKfXCB51nlqg92ovGhep4ZkZajMLLomkOGK4iewu-2Ru5b0je_KHjEJhWIL6InroryG_i0hV2MDlvEhXCahtJKlVueRIq7o1n0BZcNMmnIkV8152kytP3WWAaPoy01fMPi2fFMMVZRNAOSiXh4fPxCm6vqwxRSZjirCkKW-GnudgHwgXmAE)/video/600/884/231488006_mp4_h264_aac_hd_6.m3u8"
1,24,"https://vod3.cf.dmcdn.net/sec2(mymmxZnaGz-QHpAKhcciG0Z1OZmWg_PwSuAn9cYMaPYBBwjCmw3HOpulkJ-cnQxXCwQuilbaPNxCK2Csazl2gfBMfHACK1tO7_8hfYJ8yLIrGxUO3onPkdyPC5sc4zlr1pf8dVyHBZSpvyY2WoEky7vTRhfr1RVYenZopO0FFPgCf01AzLn49BkGIYvtMKtx)/video/859/964/231469958_mp4_h264_aac_hd_6.m3u8"
1,25,"https://vod3.cf.dmcdn.net/sec2(6m3sAtufvaTi1AC6_xod40KrgJuCttRAqZQfuZnIVJEy7g4iiuoz3rh7_AVFajs3jQoItZhojAOXYBNf5cnrMssHVaaGex8JyEm2-iO213fqoZP7z-EjsW4vu7njXs4qvJLM-xFHWWZjAUHsA7OKCHMKonW8ABqBGglQuaZRHi8Xts3QOL8wM5m9_tHCk4om)/video/787/964/231469787_mp4_h264_aac_hd_6.m3u8"
1,26,"https://vod3.cf.dmcdn.net/sec2(T4fU6qK1y3h2FFU5LgtfT1rXIkzKn8-I4l7HGzzT1SpbASbxBTfASxwakqMH18AV2aqe1UaoaKhGZLcD5kaOADNITE2Qb1J9mvAqxUTh2MA3cCNGjnk6rwk62dVFMbhU71Djxo-H2CzFr6NHHDNfMwOr326pjKow9qbTi4uFrYGEud7YKjJ0vTKw2Z7r_mmU)/video/395/964/231469593_mp4_h264_aac_hd_6.m3u8"
1,27,"https://vod3.cf.dmcdn.net/sec2(YZPUWXsnCwYcfC3YvQbM2nxWrmMkKIw-3qRsw94lLqEmM5AgAody3gTqn3hSQmcipMSyHmX8SQPP0JUag3B5UmOPTmqYME5lL2QoKrWZ48afEOewAiDyjaCDv0LigBFb2gdWlakwXDxtdasLcEyvg77ZbKSrKWmvrcTFsCeKDj2qD9mhzCwxcC-Ny-N43jP7)/video/768/964/231469867_mp4_h264_aac_hq_6.m3u8"
